run,step,training_hours,cfg_scale,fid
imagenet64_riesz_frozen_velocity_rms_lr4e4_ps_1,10000,4.1402891343471575,2.0,36.9970379569628
imagenet64_riesz_frozen_velocity_rms_lr4e4_ps_1,20000,8.280578268694315,2.0,33.15266846903671
imagenet64_riesz_frozen_velocity_rms_lr4e4_ps_1,30000,12.420867403041473,2.0,31.3112220086893
imagenet64_riesz_frozen_velocity_rms_lr4e4_ps_1,40000,16.56115653738863,2.0,30.582771408458143
imagenet64_riesz_frozen_velocity_rms_lr4e4_ps_1,50000,20.701445671735787,2.0,29.832884518185438
imagenet64_riesz_frozen_velocity_rms_lr4e4_ps_1,60000,24.841734806082947,2.0,29.3972766781161
imagenet64_riesz_frozen_velocity_rms_lr4e4_ps_1,70000,28.982023940430103,2.0,28.90992394401337
imagenet64_riesz_frozen_velocity_rms_lr4e4_ps_1,80000,33.12231307477726,2.0,28.811551822898195
imagenet64_riesz_frozen_velocity_rms_lr4e4_ps_1,90000,37.26260220912442,2.0,28.510777640849426
imagenet64_riesz_frozen_velocity_rms_lr4e4_ps_1,100000,41.40289134347157,2.0,28.513977025727513
imagenet64_riesz_frozen_velocity_rms_lr4e4_ps_1,110000,45.54318047781874,2.0,28.025465530029123
imagenet64_riesz_frozen_velocity_rms_lr4e4_ps_1,120000,49.683469612165894,2.0,28.06808146928114
imagenet64_riesz_frozen_velocity_rms_lr4e4_ps_1,130000,53.82375874651305,2.0,27.91581935321892
imagenet64_riesz_frozen_velocity_rms_lr4e4_ps_1,10000,4.1402891343471575,2.5,35.13643890659159
imagenet64_riesz_frozen_velocity_rms_lr4e4_ps_1,20000,8.280578268694315,2.5,30.739651285051423
imagenet64_riesz_frozen_velocity_rms_lr4e4_ps_1,30000,12.420867403041473,2.5,28.96357007573647
imagenet64_riesz_frozen_velocity_rms_lr4e4_ps_1,40000,16.56115653738863,2.5,28.264659389839437
imagenet64_riesz_frozen_velocity_rms_lr4e4_ps_1,50000,20.701445671735787,2.5,27.51551952540251
imagenet64_riesz_frozen_velocity_rms_lr4e4_ps_1,60000,24.841734806082947,2.5,27.254600649389886
imagenet64_riesz_frozen_velocity_rms_lr4e4_ps_1,70000,28.982023940430103,2.5,26.80564136716555
imagenet64_riesz_frozen_velocity_rms_lr4e4_ps_1,80000,33.12231307477726,2.5,26.50790545190131
imagenet64_riesz_frozen_velocity_rms_lr4e4_ps_1,90000,37.26260220912442,2.5,26.467663374650044
imagenet64_riesz_frozen_velocity_rms_lr4e4_ps_1,100000,41.40289134347157,2.5,26.17372805168685
imagenet64_riesz_frozen_velocity_rms_lr4e4_ps_1,110000,45.54318047781874,2.5,25.827461755480158
imagenet64_riesz_frozen_velocity_rms_lr4e4_ps_1,120000,49.683469612165894,2.5,25.76426719619326
imagenet64_riesz_frozen_velocity_rms_lr4e4_ps_1,130000,53.82375874651305,2.5,25.5579069114832
imagenet64_riesz_frozen_velocity_rms_lr6e4_ps_1,10000,4.397799028762381,2.0,36.33721754302462
imagenet64_riesz_frozen_velocity_rms_lr6e4_ps_1,20000,8.795598057524762,2.0,32.45360113629653
imagenet64_riesz_frozen_velocity_rms_lr6e4_ps_1,30000,13.193397086287142,2.0,31.002423526891732
imagenet64_riesz_frozen_velocity_rms_lr6e4_ps_1,40000,17.591196115049524,2.0,30.267073678766792
imagenet64_riesz_frozen_velocity_rms_lr6e4_ps_1,50000,21.988995143811906,2.0,29.750881957402953
imagenet64_riesz_frozen_velocity_rms_lr6e4_ps_1,60000,26.386794172574284,2.0,29.34142515045835
imagenet64_riesz_frozen_velocity_rms_lr6e4_ps_1,70000,30.784593201336666,2.0,28.968063356318794
imagenet64_riesz_frozen_velocity_rms_lr6e4_ps_1,80000,35.18239223009905,2.0,28.44963745485711
imagenet64_riesz_frozen_velocity_rms_lr6e4_ps_1,90000,39.580191258861426,2.0,28.358781392418848
imagenet64_riesz_frozen_velocity_rms_lr6e4_ps_1,100000,43.97799028762381,2.0,28.366735442033985
imagenet64_riesz_frozen_velocity_rms_lr6e4_ps_1,10000,4.397799028762381,2.5,34.2744263698134
imagenet64_riesz_frozen_velocity_rms_lr6e4_ps_1,20000,8.795598057524762,2.5,30.321436646506868
imagenet64_riesz_frozen_velocity_rms_lr6e4_ps_1,30000,13.193397086287142,2.5,29.015129660679918
imagenet64_riesz_frozen_velocity_rms_lr6e4_ps_1,40000,17.591196115049524,2.5,28.22466103363348
imagenet64_riesz_frozen_velocity_rms_lr6e4_ps_1,50000,21.988995143811906,2.5,27.691167337233196
imagenet64_riesz_frozen_velocity_rms_lr6e4_ps_1,60000,26.386794172574284,2.5,27.17121908703308
imagenet64_riesz_frozen_velocity_rms_lr6e4_ps_1,70000,30.784593201336666,2.5,26.698792809179906
imagenet64_riesz_frozen_velocity_rms_lr6e4_ps_1,80000,35.18239223009905,2.5,26.46964419945988
imagenet64_riesz_frozen_velocity_rms_lr6e4_ps_1,90000,39.580191258861426,2.5,26.38344264190397
imagenet64_riesz_frozen_velocity_rms_lr6e4_ps_1,100000,43.97799028762381,2.5,26.029958420660535
imagenet64_riesz_minyuan_power0p5_top8,10000,,2.0,33.837763239654294
imagenet64_riesz_minyuan_power0p5_top8,20000,,2.0,31.93533271828977
imagenet64_riesz_minyuan_power0p5_top8,30000,,2.0,31.159666227507216
imagenet64_riesz_minyuan_power0p5_top8,40000,,2.0,29.603838597360266
imagenet64_riesz_minyuan_power0p5_top8,50000,,2.0,29.18271351685388
imagenet64_riesz_minyuan_power0p5_top8,60000,,2.0,28.716680959805615
imagenet64_riesz_minyuan_power0p5_top8,70000,,2.0,28.877832375332446
imagenet64_riesz_minyuan_power0p5_top8,80000,,2.0,28.50666672640432
imagenet64_riesz_minyuan_power0p5_top8,10000,,2.5,31.519779586943855
imagenet64_riesz_minyuan_power0p5_top8,20000,,2.5,28.828322877850326
imagenet64_riesz_minyuan_power0p5_top8,30000,,2.5,28.06218819801842
imagenet64_riesz_minyuan_power0p5_top8,40000,,2.5,26.26018357663628
imagenet64_riesz_minyuan_power0p5_top8,50000,,2.5,25.762473140056045
imagenet64_riesz_minyuan_power0p5_top8,60000,,2.5,25.54869395712734
imagenet64_riesz_minyuan_power0p5_top8,70000,,2.5,25.50195043094402
imagenet64_riesz_minyuan_power0p5_top8,80000,,2.5,25.137547494827686
imagenet64_riesz_minyuan_power1p0_top16,10000,,2.0,33.66399810306439
imagenet64_riesz_minyuan_power1p0_top16,20000,,2.0,30.29407642726028
imagenet64_riesz_minyuan_power1p0_top16,30000,,2.0,28.846506273510386
imagenet64_riesz_minyuan_power1p0_top16,10000,,2.5,31.536705506648445
imagenet64_riesz_minyuan_power1p0_top16,20000,,2.5,27.845546714853185
imagenet64_riesz_minyuan_power1p0_top16,30000,,2.5,26.325121850470623
imagenet64_riesz_minyuan_power1p0_top8,10000,,2.0,31.099469830691135
imagenet64_riesz_minyuan_power1p0_top8,20000,,2.0,27.575491810734206
imagenet64_riesz_minyuan_power1p0_top8,30000,,2.0,26.075409068744705
imagenet64_riesz_minyuan_power1p0_top8,40000,,2.0,25.54031227419364
imagenet64_riesz_minyuan_power1p0_top8,50000,,2.0,24.842270323414766
imagenet64_riesz_minyuan_power1p0_top8,60000,,2.0,24.40568102541272
imagenet64_riesz_minyuan_power1p0_top8,70000,,2.0,24.02069641359384
imagenet64_riesz_minyuan_power1p0_top8,80000,,2.0,23.59282243423985
imagenet64_riesz_minyuan_power1p0_top8,10000,,2.5,29.63048143824153
imagenet64_riesz_minyuan_power1p0_top8,20000,,2.5,25.78255993800144
imagenet64_riesz_minyuan_power1p0_top8,30000,,2.5,24.1025066895819
imagenet64_riesz_minyuan_power1p0_top8,40000,,2.5,23.461778906149505
imagenet64_riesz_minyuan_power1p0_top8,50000,,2.5,22.843053138270932
imagenet64_riesz_minyuan_power1p0_top8,60000,,2.5,22.37472483348762
imagenet64_riesz_minyuan_power1p0_top8,70000,,2.5,22.159119500939255
imagenet64_riesz_minyuan_power1p0_top8,80000,,2.5,21.828347982370076
imagenet64_riesz_minyuan_power_top20,10000,,2.0,37.49505527908008
imagenet64_riesz_minyuan_power_top20,20000,,2.0,34.17146410121438
imagenet64_riesz_minyuan_power_top20,30000,,2.0,32.744379753263956
imagenet64_riesz_minyuan_power_top20,40000,,2.0,31.807914050595514
imagenet64_riesz_minyuan_power_top20,50000,,2.0,31.33811824309214
imagenet64_riesz_minyuan_power_top20,60000,,2.0,30.65741336361333
imagenet64_riesz_minyuan_power_top20,70000,,2.0,30.378526901480996
imagenet64_riesz_minyuan_power_top20,10000,,2.5,35.13300872427885
imagenet64_riesz_minyuan_power_top20,20000,,2.5,31.78918482974501
imagenet64_riesz_minyuan_power_top20,30000,,2.5,30.10312245790277
imagenet64_riesz_minyuan_power_top20,40000,,2.5,29.342588800148008
imagenet64_riesz_minyuan_power_top20,50000,,2.5,28.944695850451865
imagenet64_riesz_minyuan_power_top20,60000,,2.5,28.135254922746128
imagenet64_riesz_minyuan_power_top20,70000,,2.5,27.83521542759928
imagenet64_riesz_power0p5_top20_no_rms_lr4e4_warmup2k_ps_1,10000,3.539529486934779,2.0,36.95001947896924
imagenet64_riesz_power0p5_top20_no_rms_lr4e4_warmup2k_ps_1,20000,7.079058973869558,2.0,33.706377002797865
imagenet64_riesz_power0p5_top20_no_rms_lr4e4_warmup2k_ps_1,30000,10.618588460804338,2.0,32.18088040577504
imagenet64_riesz_power0p5_top20_no_rms_lr4e4_warmup2k_ps_1,40000,14.158117947739116,2.0,31.381735689871334
imagenet64_riesz_power0p5_top20_no_rms_lr4e4_warmup2k_ps_1,50000,17.697647434673897,2.0,30.967997633855077
imagenet64_riesz_power0p5_top20_no_rms_lr4e4_warmup2k_ps_1,60000,21.237176921608675,2.0,30.56793864461349
imagenet64_riesz_power0p5_top20_no_rms_lr4e4_warmup2k_ps_1,70000,24.776706408543454,2.0,30.115653475035117
imagenet64_riesz_power0p5_top20_no_rms_lr4e4_warmup2k_ps_1,80000,28.316235895478233,2.0,29.698885587004384
imagenet64_riesz_power0p5_top20_no_rms_lr4e4_warmup2k_ps_1,90000,31.855765382413015,2.0,29.979028758890195
imagenet64_riesz_power0p5_top20_no_rms_lr4e4_warmup2k_ps_1,100000,35.395294869347794,2.0,29.77702915041408
imagenet64_riesz_power0p5_top20_no_rms_lr4e4_warmup2k_ps_1,110000,38.934824356282576,2.0,29.401817167782553
imagenet64_riesz_power0p5_top20_no_rms_lr4e4_warmup2k_ps_1,120000,42.47435384321735,2.0,29.311641396839377
imagenet64_riesz_power0p5_top20_no_rms_lr4e4_warmup2k_ps_1,130000,46.01388333015213,2.0,29.0741433999184
imagenet64_riesz_power0p5_top20_no_rms_lr4e4_warmup2k_ps_1,10000,3.539529486934779,2.5,34.93511139376011
imagenet64_riesz_power0p5_top20_no_rms_lr4e4_warmup2k_ps_1,20000,7.079058973869558,2.5,31.42529989915954
imagenet64_riesz_power0p5_top20_no_rms_lr4e4_warmup2k_ps_1,30000,10.618588460804338,2.5,29.92243421005105
imagenet64_riesz_power0p5_top20_no_rms_lr4e4_warmup2k_ps_1,40000,14.158117947739116,2.5,28.94404775896976
imagenet64_riesz_power0p5_top20_no_rms_lr4e4_warmup2k_ps_1,50000,17.697647434673897,2.5,28.587286097659216
imagenet64_riesz_power0p5_top20_no_rms_lr4e4_warmup2k_ps_1,60000,21.237176921608675,2.5,28.024035394271323
imagenet64_riesz_power0p5_top20_no_rms_lr4e4_warmup2k_ps_1,70000,24.776706408543454,2.5,27.715390749343328
imagenet64_riesz_power0p5_top20_no_rms_lr4e4_warmup2k_ps_1,80000,28.316235895478233,2.5,27.425237824550322
imagenet64_riesz_power0p5_top20_no_rms_lr4e4_warmup2k_ps_1,90000,31.855765382413015,2.5,27.525912852580973
imagenet64_riesz_power0p5_top20_no_rms_lr4e4_warmup2k_ps_1,100000,35.395294869347794,2.5,27.24478720543766
imagenet64_riesz_power0p5_top20_no_rms_lr4e4_warmup2k_ps_1,110000,38.934824356282576,2.5,26.901265508166546
imagenet64_riesz_power0p5_top20_no_rms_lr4e4_warmup2k_ps_1,120000,42.47435384321735,2.5,26.94221228112218
imagenet64_riesz_power0p5_top20_no_rms_lr4e4_warmup2k_ps_1,130000,46.01388333015213,2.5,26.666313956002398
imagenet64_riesz_power1p0_top20_no_rms_lr4e4_warmup2k_ps_1,10000,4.144376844897334,2.0,34.480525743487874
imagenet64_riesz_power1p0_top20_no_rms_lr4e4_warmup2k_ps_1,20000,8.288753689794667,2.0,30.901969148949775
imagenet64_riesz_power1p0_top20_no_rms_lr4e4_warmup2k_ps_1,30000,12.433130534692001,2.0,29.374173475583063
imagenet64_riesz_power1p0_top20_no_rms_lr4e4_warmup2k_ps_1,40000,16.577507379589335,2.0,28.679321747111544
imagenet64_riesz_power1p0_top20_no_rms_lr4e4_warmup2k_ps_1,50000,20.72188422448667,2.0,28.04352380962291
imagenet64_riesz_power1p0_top20_no_rms_lr4e4_warmup2k_ps_1,60000,24.866261069384002,2.0,27.69463605926046
imagenet64_riesz_power1p0_top20_no_rms_lr4e4_warmup2k_ps_1,70000,29.010637914281336,2.0,27.093388062376732
imagenet64_riesz_power1p0_top20_no_rms_lr4e4_warmup2k_ps_1,80000,33.15501475917867,2.0,26.89426748684366
imagenet64_riesz_power1p0_top20_no_rms_lr4e4_warmup2k_ps_1,90000,37.299391604076,2.0,26.602324068606947
imagenet64_riesz_power1p0_top20_no_rms_lr4e4_warmup2k_ps_1,100000,41.44376844897334,2.0,26.320181264409882
imagenet64_riesz_power1p0_top20_no_rms_lr4e4_warmup2k_ps_1,110000,45.58814529387067,2.0,26.37350654101624
imagenet64_riesz_power1p0_top20_no_rms_lr4e4_warmup2k_ps_1,10000,4.144376844897334,2.5,32.30775843246846
imagenet64_riesz_power1p0_top20_no_rms_lr4e4_warmup2k_ps_1,20000,8.288753689794667,2.5,28.47695200937636
imagenet64_riesz_power1p0_top20_no_rms_lr4e4_warmup2k_ps_1,30000,12.433130534692001,2.5,27.06840867690977
imagenet64_riesz_power1p0_top20_no_rms_lr4e4_warmup2k_ps_1,40000,16.577507379589335,2.5,26.0323936247226
imagenet64_riesz_power1p0_top20_no_rms_lr4e4_warmup2k_ps_1,50000,20.72188422448667,2.5,25.490472929599264
imagenet64_riesz_power1p0_top20_no_rms_lr4e4_warmup2k_ps_1,60000,24.866261069384002,2.5,25.15848940165347
imagenet64_riesz_power1p0_top20_no_rms_lr4e4_warmup2k_ps_1,70000,29.010637914281336,2.5,24.55176307583747
imagenet64_riesz_power1p0_top20_no_rms_lr4e4_warmup2k_ps_1,80000,33.15501475917867,2.5,24.34923310426018
imagenet64_riesz_power1p0_top20_no_rms_lr4e4_warmup2k_ps_1,90000,37.299391604076,2.5,24.014583944308185
imagenet64_riesz_power1p0_top20_no_rms_lr4e4_warmup2k_ps_1,100000,41.44376844897334,2.5,23.957918983729144
imagenet64_riesz_power1p0_top20_no_rms_lr4e4_warmup2k_ps_1,110000,45.58814529387067,2.5,23.88362030980005
imagenet64_sinkhorn_150k_mingyuan_const_ps_1,10000,5.638397998480035,2.0,37.44039192777336
imagenet64_sinkhorn_150k_mingyuan_const_ps_1,20000,11.27679599696007,2.0,30.849225561064145
imagenet64_sinkhorn_150k_mingyuan_const_ps_1,30000,16.915193995440106,2.0,28.131545000559925
imagenet64_sinkhorn_150k_mingyuan_const_ps_1,40000,22.55359199392014,2.0,26.824453091127623
imagenet64_sinkhorn_150k_mingyuan_const_ps_1,50000,28.191989992400174,2.0,26.174711068279805
imagenet64_sinkhorn_150k_mingyuan_const_ps_1,60000,33.83038799088021,2.0,25.403202974361875
imagenet64_sinkhorn_150k_mingyuan_const_ps_1,70000,39.46878598936024,2.0,24.77490012297227
imagenet64_sinkhorn_150k_mingyuan_const_ps_1,80000,45.10718398784028,2.0,24.260617275583684
imagenet64_sinkhorn_150k_mingyuan_const_ps_1,10000,5.638397998480035,2.5,35.13180837055552
imagenet64_sinkhorn_150k_mingyuan_const_ps_1,20000,11.27679599696007,2.5,28.959733757477977
imagenet64_sinkhorn_150k_mingyuan_const_ps_1,30000,16.915193995440106,2.5,26.220692598395033
imagenet64_sinkhorn_150k_mingyuan_const_ps_1,40000,22.55359199392014,2.5,24.93736707546799
imagenet64_sinkhorn_150k_mingyuan_const_ps_1,50000,28.191989992400174,2.5,24.24905212765816
imagenet64_sinkhorn_150k_mingyuan_const_ps_1,60000,33.83038799088021,2.5,23.45389905366619
imagenet64_sinkhorn_150k_mingyuan_const_ps_1,70000,39.46878598936024,2.5,22.79408326917968
imagenet64_sinkhorn_150k_mingyuan_const_ps_1,80000,45.10718398784028,2.5,22.388521245485663
